{"_wandb":{"runtime":0},"final_vae_loss":0.10541637241840363,"_timestamp":1.7467789918067858e+09,"_runtime":0.580877286,"_step":2,"final_vae_mse_loss":0.06984953582286835,"final_vae_kl_loss":0.03556683287024498}