{"_wandb":{"runtime":0},"final_vae_loss":0.009433116763830185,"_timestamp":1.7467809266755455e+09,"_runtime":0.626102434,"_step":2,"final_vae_mse_loss":0.009433116763830185,"final_vae_kl_loss":0}