{"_timestamp":1.746777106510278e+09,"_runtime":0.848056666,"_step":2,"final_vae_mse_loss":0.13646622002124786,"final_vae_kl_loss":5.648471415042877e-06,"_wandb":{"runtime":0},"final_vae_loss":0.13647186756134033}