{"final_vae_loss":0.1175917387008667,"_timestamp":1.7467803782654903e+09,"_runtime":0.56259326,"_step":2,"final_vae_mse_loss":0.11759147047996521,"final_vae_kl_loss":2.6961788535118103e-07,"_wandb":{"runtime":0}}