{"final_vae_loss":0.016756659373641014,"_timestamp":1.7467783589491928e+09,"_runtime":0.5789249,"_step":2,"final_vae_mse_loss":0.016756659373641014,"final_vae_kl_loss":0,"_wandb":{"runtime":0}}