{"_step":2,"final_vae_mse_loss":0.10295438766479492,"final_vae_kl_loss":0.029768813401460648,"_wandb":{"runtime":0},"final_vae_loss":0.13272319734096527,"_timestamp":1.7467788293477905e+09,"_runtime":0.61423659}