{"_runtime":0.564180223,"_step":2,"final_vae_mse_loss":0.008674226701259613,"final_vae_kl_loss":0,"_wandb":{"runtime":0},"final_vae_loss":0.008674226701259613,"_timestamp":1.7467821809798226e+09}