{"final_vae_kl_loss":1.7043203115463257e-06,"_wandb":{"runtime":0},"final_vae_loss":0.1176031157374382,"_timestamp":1.7467800206996021e+09,"_runtime":0.547057664,"_step":2,"final_vae_mse_loss":0.1176014095544815}