{"final_vae_loss":0.13129717111587524,"_timestamp":1.7467886809497163e+09,"_runtime":0.646666329,"_step":2,"final_vae_mse_loss":0.13129717111587524,"final_vae_kl_loss":0,"_wandb":{"runtime":0}}